Model,Accuracy,Precision,Recall,F1,ROC-AUC
Gradient Descent,0.547752808988764,0.6020942408376964,0.575,0.5882352941176471,0.5491506410256409
Newton Method,0.5561797752808989,0.6105263157894737,0.58,0.5948717948717949,0.5478846153846154
Mini-Batch GD,0.547752808988764,0.5979899497487438,0.595,0.5964912280701754,0.5363461538461538
Sklearn LR,0.550561797752809,0.6063829787234043,0.57,0.5876288659793814,0.5435576923076922
Baseline (Majority),0.5617977528089888,0.5617977528089888,1.0,0.7194244604316548,0.5
